Price,Close,High,Low,Open,Volume
Ticker,0050.TW,0050.TW,0050.TW,0050.TW,0050.TW
Date,,,,,
2022-01-03,35.56898880004883,35.799801470544544,35.471807249384284,35.471807249384284,27136808
2022-01-04,36.34646224975586,36.34646224975586,35.884840537063205,35.884840537063205,38537760
2022-01-05,36.27357482910156,36.577271866004224,36.22498404464498,36.46794167416711,45626404
2022-01-06,35.93342590332031,36.139941336711246,35.714765556279346,36.03061116319076,34484932
2022-01-07,35.617584228515625,36.200680962465256,35.593286986584964,36.0306113906665,27956496
2022-01-10,35.84839630126953,35.90913570411572,35.32603521244892,35.47181126217536,62807884
2022-01-11,36.03061294555664,36.07920372427626,35.64187930132213,35.86054336641858,71021608
2022-01-12,36.334312438964844,36.34646106128778,36.127796981192,36.28572165691212,40619208
2022-01-13,36.51652908325195,36.55297124141609,36.334310877953534,36.334310877953534,29812384
2022-01-14,36.51652908325195,36.735189446714514,36.21283207442125,36.63800788678424,40446116
2022-01-17,36.9295539855957,37.02673553950444,36.710893635681714,36.710893635681714,27711192
2022-01-18,36.51652908325195,36.990295675580086,36.48008321784894,36.978147053779075,57660460
2022-01-19,36.07920455932617,36.35860432385975,36.01846515771114,36.20068336255623,58657148
2022-01-20,36.224979400634766,36.24927293612904,35.860543003071996,36.07920335871416,65053388
2022-01-21,34.65789794921875,34.97374355054552,34.572865018979044,34.961594929871694,119510380
2022-01-24,34.98589324951172,34.98589324951172,34.427090046439844,34.52427530758723,52641948
2022-01-25,34.41494369506836,34.63360776664196,34.31776213475046,34.63360776664196,96087792
2022-01-26,34.39065170288086,34.54857267229842,34.26917289340918,34.29346643096008,71003288
2022-02-07,34.57286834716797,34.69434715112342,34.30561349557043,34.64575637098901,96090320
2022-02-08,34.71864318847656,34.86441924661941,34.69434965027886,34.81582846298485,44340368
2022-02-09,34.84012222290039,34.864419468491874,34.65790400268179,34.864419468491874,32243600
2022-02-10,35.241004943847656,35.241004943847656,34.864419876210775,34.961601445234834,24016868
2022-02-11,35.216705322265625,35.24100256650217,34.998044953092624,35.15596591891324,17259684
2022-02-14,34.67005157470703,34.97374859920033,34.548572764909714,34.97374859920033,47456160
2022-02-15,34.51212692260742,34.791526672435175,34.48782968034472,34.67004787559899,29444908
2022-02-16,35.083072662353516,35.09522128266036,34.93730034038667,34.961593873761935,26800172
2022-02-17,35.10737228393555,35.22885108076577,34.98589348710532,35.08307504167403,19763216
2022-02-18,35.01019287109375,35.022337785728794,34.755086640696575,34.86441682308425,15468844
2022-02-21,34.93730163574219,34.94945025649946,34.69434404955099,34.852264997679846,18011756
2022-02-22,34.46353530883789,34.657898413267354,34.1962804793895,34.64575349966945,74872596
2022-02-23,34.56071853637695,34.59716069341436,34.414942493749805,34.46353697945136,17635428
2022-02-24,33.72251510620117,34.281318319110966,33.601036308057246,34.281318319110966,117813808
2022-02-25,33.649627685546875,33.819697264531484,33.4917067280409,33.78325510733435,90309080
2022-03-01,34.12339401245117,34.20843065493275,33.73466407868664,33.78325485700236,32958060
2022-03-02,33.92903137207031,34.03836527079927,33.81970118058056,34.014068025028564,24524616
2022-03-03,34.00191879272461,34.208434256356576,33.97762525462853,34.13554622759005,17755472
2022-03-04,33.637481689453125,33.73466696162871,33.51600287966294,33.64963031187995,50396708
2022-03-07,32.55632019042969,33.260895786282205,32.49558078708933,33.260895786282205,208177676
2022-03-08,31.8638858795166,32.349801050883926,31.827443724559473,32.17973148235307,167283432
2022-03-09,32.1918830871582,32.37410129331193,32.11899506324893,32.11899506324893,83526340
2022-03-10,33.12726974487305,33.1758605226948,32.84786628473023,32.84786628473023,57746092
2022-03-11,32.653499603271484,33.00579108524507,32.604908825245765,33.00579108524507,42419380
2022-03-14,32.653499603271484,32.88431228656142,32.55631804722005,32.79927564458737,34346608
2022-03-15,31.985368728637695,32.34980515337981,31.92462932451401,32.34980515337981,94122712
2022-03-16,32.118995666503906,32.37410190135827,31.8517445168023,32.36195327927207,75954080
2022-03-17,33.1394157409668,33.163712984290385,32.84786735727795,32.90860675834808,56006192
2022-03-18,33.066532135009766,33.188010939756694,32.92075608641788,33.188010939756694,50581376
2022-03-21,33.285194396972656,33.44311536924513,33.23660361375337,33.23660361375337,30873588
2022-03-22,33.236602783203125,33.285193565208175,33.11512397457098,33.236602783203125,24184288
2022-03-23,33.55244445800781,33.61318385513872,33.4188170428721,33.430965663746,41079752
2022-03-24,33.52814865112305,33.552445893910665,33.29733967359567,33.40666985166246,17108564
2022-03-25,33.57674026489258,33.64962828783023,33.503852241954924,33.62533104443806,19496792
2022-03-28,33.212303161621094,33.28519118303169,32.93290340465904,33.28519118303169,42024708
2022-03-29,33.24875259399414,33.333785538732734,33.18801318750693,33.2851947549908,25774216
2022-03-30,33.66177749633789,33.69821965482258,33.540298691737064,33.540298691737064,32665068
2022-03-31,33.55244445800781,33.68606816590493,33.55244445800781,33.66177463139572,14238552
2022-04-01,33.27304458618164,33.27304458618164,33.078677753006176,33.188011645394184,30795024
2022-04-06,33.10297393798828,33.12727118157226,32.799276929382884,32.860016331103964,46251656
2022-04-07,32.50773239135742,32.823578059149696,32.50773239135742,32.823578059149696,58991464
2022-04-08,32.689945220947266,32.689945220947266,32.49557840306995,32.580615044403366,35768872
2022-04-11,32.17973709106445,32.665652347123526,32.11899768405707,32.59276431726683,66837660
2022-04-12,32.20403289794922,32.27692092454942,31.9732239030811,32.106847626735934,56875520
2022-04-13,32.811424255371094,32.847866412069,32.36195121749035,32.41054199550047,28186852
2022-04-14,32.689945220947266,32.98149359414389,32.689945220947266,32.98149359414389,19791976
2022-04-15,32.13114547729492,32.32551231614793,32.0704060718558,32.276921533244455,82769516
2022-04-18,31.96107292175293,32.13114249977468,31.863887657712812,32.070403099964146,71848084
2022-04-19,32.070404052734375,32.3012130374237,32.033961894660905,32.1311434543494,36238036
2022-04-20,32.22832489013672,32.24047351186079,31.985367284610653,32.11899470909776,27048540
2022-04-21,32.252620697021484,32.45913613541578,32.22832345465556,32.37409949437373,15936376
2022-04-22,31.973220825195312,32.00966298136781,31.79100262985546,31.924626340647077,44801348
2022-04-25,31.402273178100586,31.59664002045736,31.256497119523214,31.584491397702717,128851880
2022-04-26,31.402273178100586,31.535900613923317,31.305091610541783,31.523751991168673,37409408
2022-04-27,30.746286392211914,30.855616575638436,30.624807586796013,30.855616575638436,114986256
2022-04-28,30.879913330078125,30.952801357995185,30.600511694555454,30.94065273546916,46171364
2022-04-29,31.280794143676758,31.46301236198944,31.159315331468303,31.317236304443636,47537724
2022-05-03,31.04998207092285,31.268642428375756,30.964945427891845,31.2322002712132,25125076
2022-05-04,31.04998207092285,31.207903028278974,30.977094049358957,31.171460871116416,39598772
2022-05-05,31.402273178100586,31.535900613923317,31.3293851488119,31.46301258463463,24902416
2022-05-06,30.770584106445312,30.819174890833587,30.60051265384714,30.721991468437434,68203532
2022-05-09,30.2603702545166,30.503327857993668,30.248221632894982,30.49117923637205,51720992
2022-05-10,30.12674331665039,30.151038706665737,29.531497919986933,29.677272113698447,55376572
2022-05-11,30.175334930419922,30.236074333946227,29.956674560620822,30.090300136206995,32199604
2022-05-12,29.45861053466797,29.883786356817815,29.44646191258732,29.883786356817815,47755260
2022-05-13,29.725862503051758,29.725862503051758,29.531497531864023,29.66512310200195,28106200
2022-05-16,29.883787155151367,30.12674477429894,29.76230834557758,29.993117342319962,22904664
2022-05-17,30.211776733398438,30.248220743572396,29.920228359245485,29.920228359245485,16662204
2022-05-18,30.539772033691406,30.61266006099874,30.430441846349936,30.454737237579206,25266444
2022-05-19,29.956674575805664,30.07815338291985,29.798751755833326,29.993116735044325,29033480
2022-05-20,30.284666061401367,30.357552231277065,30.04170845457684,30.066003844535405,14661664
2022-05-23,30.34540557861328,30.515475162590025,30.248222164789667,30.442588992436896,10715572
2022-05-24,30.005264282226562,30.418291470169766,29.98096889239804,30.369700690512715,20276748
2022-05-25,30.236074447631836,30.296813851386517,29.99311683261312,30.053856236367796,10270292
2022-05-26,29.8594913482666,30.369701970649615,29.84734272603054,30.369701970649615,23219872
2022-05-27,30.491180419921875,30.564068445241993,30.13889262265344,30.163188013220317,46801572
2022-05-30,31.232202529907227,31.24435115225292,30.867766102970712,30.91635688511444,58170520
2022-05-31,31.535898208618164,31.535898208618164,31.001390359714797,31.20790395545543,28102668
2022-06-01,31.377971649169922,31.59663570718605,31.3415294931199,31.41441751245861,25626728
2022-06-02,31.04998207092285,31.207903028278974,31.001389438673794,31.207903028278974,17718612
2022-06-06,31.26864242553711,31.34153044709439,30.96494542508077,31.159312246820583,16111300
2022-06-07,30.952800750732422,31.08642632779937,30.819173320045962,31.08642632779937,19365760
2022-06-08,31.29294204711914,31.36583007421681,31.135017370534353,31.220054020021475,15916200
2022-06-09,31.195755004882812,31.22005224828285,31.013538654718484,31.147164225321582,7709100
2022-06-10,30.879913330078125,30.952801357995185,30.709843736431047,30.807027155780613,16998412
2022-06-13,30.017412185668945,30.187481764018482,29.9931149428024,30.15103775333804,67467100
2022-06-14,29.968822479248047,30.017415116105592,29.665125449961746,29.786604261676267,47559120
2022-06-15,29.82304573059082,30.029559322156164,29.79875034104538,29.883785131264123,35393308
2022-06-16,29.76230812072754,30.36970216400769,29.70156871639952,30.151039937702933,51071688
2022-06-17,29.361425399780273,29.51934820948493,29.252095221933637,29.397869410268946,78686220
2022-06-20,29.094173431396484,29.385721818280032,29.033434029660793,29.373575050104556,42257108
2022-06-21,29.68941879272461,29.68941879272461,29.239947591122643,29.38572178439633,25930500
2022-06-22,29.033435821533203,29.56794184834792,28.996991807518665,29.56794184834792,60435976
2022-06-23,28.644702911376953,29.106322746284402,28.486780092379735,29.106322746284402,67491772
2022-06-24,28.705442428588867,28.984844055060073,28.65684979367851,28.826921235435524,43073528
2022-06-27,29.38572120666504,29.507200007608045,29.10632144739165,29.10632144739165,66723816
2022-06-28,29.106321334838867,29.34927893578537,28.972693912870533,29.34927893578537,43233840
2022-06-29,28.86336326599121,29.04558146374717,28.790475245441083,28.839066023394928,25087984
2022-06-30,28.134490966796875,28.62040616930722,28.061602944972563,28.59610892628619,81720980
2022-07-01,27.1019229888916,28.098048850480737,27.01688633982292,28.098048850480737,138878240
2022-07-04,26.834667205810547,27.259843022086706,26.725337023073028,27.02903403469886,105770848
2022-07-05,26.96829605102539,27.442062672636123,26.48238080686277,27.344881106699244,64857832
2022-07-06,26.44593620300293,26.980444071832412,26.348752785613975,26.968295449551476,62447924
2022-07-07,27.23554801940918,27.247696641494855,26.373049606291197,26.5917099748775,53732760
2022-07-08,27.514949798583984,27.67287261848298,27.284140806622027,27.52709842073756,40711428
2022-07-11,27.271991729736328,27.62427952288202,27.17480831498665,27.612132754550473,30291812
2022-07-12,26.616004943847656,26.95614408973686,26.518821536328172,26.95614408973686,44533776
2022-07-13,27.563539505004883,27.612132138104613,27.357025911784433,27.454209324364474,99299588
2022-07-14,27.697168350219727,27.757907754496525,27.16266233403171,27.381322706532572,59001712
2022-07-15,28.061603546142578,28.09804755783548,27.636427734837387,27.842941329604592,74221248
2022-07-18,27.745759963989258,27.903682790567235,27.68502055789154,27.85509200713689,88829376
2022-07-19,27.77005386352539,27.855088651093098,27.59998243477063,27.685017222338338,53005460
2022-07-20,27.952272415161133,28.23167217020367,27.867235772893192,28.1466373815551,67345152
2022-07-21,28.268117904663086,28.268117904663086,27.940125497804065,28.037308913737714,35213080
2022-07-22,28.37744903564453,28.474630594852403,28.255970233015265,28.32885640242117,62459656
2022-07-25,28.353153228759766,28.413892633151814,28.183083637909842,28.255971664628106,42173440
2022-07-26,28.098047256469727,28.328856238683514,28.013012465844618,28.328856238683514,50495728
2022-07-27,28.353153228759766,28.353153228759766,27.976570033700785,28.06160482912575,31668200
2022-07-28,28.40174674987793,28.656851144105772,28.40174674987793,28.63255575231544,33228832
2022-07-29,28.66899871826172,28.790477526389946,28.583963923295858,28.70544273142409,32121328
2022-08-01,28.58396339416504,28.693293578008777,28.474631356701824,28.693293578008777,38018536
2022-08-02,28.12874412536621,28.372177646633766,28.019197926445585,28.372177646633766,70777800
2022-08-03,28.29914665222168,28.29914665222168,28.116571512529926,28.15308691191835,31360808
2022-08-04,28.372177124023438,28.433035503219326,28.043540390565365,28.32348930631652,27397668
2022-08-05,29.09030532836914,29.09030532836914,28.700812071991674,28.725155052280826,37238236
2022-08-08,29.029447555541992,29.029447555541992,28.798186452087723,28.968589174922407,34765628
2022-08-09,29.005102157592773,29.090303511909827,28.725153258622257,28.822527030948986,31536632
2022-08-10,28.7008113861084,28.77384032523063,28.603437610028454,28.725154365815808,28891416
2022-08-11,29.224193572998047,29.32156549104654,29.11464737931806,29.163335195592595,42912384
2022-08-12,29.406770706176758,29.455456668513804,29.285053943083724,29.34591232463024,33697348
2022-08-15,29.67454719543457,29.723233157741927,29.516315032060042,29.5650009943674,38189448
2022-08-16,29.723230361938477,29.77191817691661,29.674544404210582,29.698887383074528,39489064
2022-08-17,29.73540496826172,29.771920367869974,29.650203607342707,29.723232549308843,55419464
2022-08-18,29.54065704345703,29.56500002381158,29.44328326478848,29.55282946225948,21088012
2022-08-19,29.589344024658203,29.698888361781048,29.431111870952755,29.516313228409444,16104076
2022-08-22,29.224193572998047,29.272879532022294,29.15116277721139,29.212021154616842,20028000
2022-08-23,28.773839950561523,28.96858750018557,28.773839950561523,28.85904316430347,41302508
2022-08-24,28.7008113861084,28.956415458911664,28.63995300821472,28.919901917975697,28253912
2022-08-25,28.96858787536621,29.078132212667054,28.834698701109353,28.84687111958736,19574876
2022-08-26,29.114646911621094,29.236363664476745,29.07813151431435,29.17550528804892,39838948
2022-08-29,28.372177124023438,28.469549044936585,28.238287946892346,28.299146326088234,63102952
2022-08-30,28.420862197875977,28.530406534111147,28.28697302492163,28.372176238938188,48621412
2022-08-31,28.62778091430664,28.62778091430664,28.189601702854436,28.22611524420438,28183656
2022-09-01,28.031370162963867,28.140914503921135,27.933996383640537,28.116571523402897,84246316
2022-09-02,27.727079391479492,28.019198884084457,27.714906972099936,28.019198884084457,55976232
2022-09-05,27.787935256958008,27.93399499003099,27.678389064215565,27.77576283868098,35512716
2022-09-06,27.970510482788086,28.092227236971453,27.81227833089965,27.946167503401465,25904464
2022-09-07,27.31324005126953,27.54450300835113,27.288897070853142,27.532330589517755,61955568
2022-09-08,27.50798797607422,27.52016039506998,27.361928234376997,27.52016039506998,28468684
2022-09-12,28.092227935791016,28.15308631439661,27.994854158572007,28.067884955798846,30181272
2022-09-13,28.2382869720459,28.335660746847836,28.17742859495097,28.262629951433812,18161944
2022-09-14,27.66621971130371,27.739248652404058,27.45930159231053,27.520159971852664,43782264
2022-09-15,27.71490478515625,27.812278560757758,27.556672631960087,27.62970342797379,14736400
2022-09-16,27.398441314697266,27.471470250738417,27.33758293937119,27.42278429337765,51803628
2022-09-19,27.27672576904297,27.495814444095277,27.240210370784148,27.495814444095277,28709272
2022-09-20,27.520158767700195,27.544501747001846,27.325411218786464,27.398442013941683,23028824
2022-09-21,27.288896560668945,27.45930113489856,27.2158676207851,27.45930113489856,44046172
2022-09-22,26.960262298583984,26.960262298583984,26.655970399051434,26.875060938164943,59646724
2022-09-23,26.704654693603516,26.862886842936224,26.619453338501366,26.838543863942785,58395944
2022-09-26,26.205617904663086,26.302991680788345,26.083901148819088,26.302991680788345,79683304
2022-09-27,26.16910171508789,26.27864604913467,26.047384962924692,26.24213250928591,35851112
2022-09-28,25.621376037597656,26.20561681275539,25.621376037597656,26.19344439477806,75593876
2022-09-29,25.536176681518555,25.913497524085454,25.463145882440898,25.913497524085454,41608432
2022-09-30,25.183197021484375,25.292743220358265,25.07365267986086,25.14668347911012,50705712
2022-10-03,24.878904342651367,25.219711633081587,24.84239080141803,24.95193513961867,43969468
2022-10-04,25.51183319091797,25.51183319091797,25.341428615560016,25.450974811986626,30114732
2022-10-05,26.108243942260742,26.254303676781376,25.88915341185465,25.925668809797383,42787184
2022-10-06,26.29081916809082,26.29081916809082,26.169102412682992,26.24213320882781,33828044
2022-10-07,25.852636337280273,26.144757644626765,25.828293359313943,26.144757644626765,34802512
2022-10-11,24.51375389099121,24.86673359738849,24.46506793154001,24.830218199174936,125921740
2022-10-12,24.392038345336914,24.513755107254266,24.233808040644675,24.44072616445409,53397184
2022-10-13,24.099916458129883,24.477239125374425,24.099916458129883,24.477239125374425,83371040
2022-10-14,24.793703079223633,24.903249275093742,24.61112794335711,24.76936009922483,45731032
2022-10-17,24.331178665161133,24.3676940632366,24.112089991208943,24.331178665161133,78771904
2022-10-18,24.611127853393555,24.720674048863227,24.331178941304817,24.70850163028316,25608136
2022-10-19,24.28249168395996,24.586783559698805,24.23380572674183,24.53809760248068,62496316
2022-10-20,24.148605346679688,24.209463728961897,23.69825368924144,23.90517181755086,75939888
2022-10-21,24.07557487487793,24.306835969978373,24.026887057790777,24.172948651801917,48662404
2022-10-24,24.002544403076172,24.53809925478903,24.002544403076172,24.525926836039744,67982140
2022-10-25,23.540019989013672,24.002544035651287,23.491334029262475,24.002544035651287,80259668
2022-10-26,23.759111404418945,23.856485184786518,23.49133490134591,23.576536262698642,43837832
2022-10-27,24.099916458129883,24.185117811531814,23.97819970834135,23.97819970834135,32068688
2022-10-28,23.795625686645508,24.002543799427148,23.673908931215095,24.002543799427148,45962880
2022-10-31,24.112091064453125,24.18512000660432,23.88082810451506,24.063403245768615,40352320
2022-11-01,24.2459774017334,24.331178759405972,24.05123170666042,24.063402267899185,32777216
2022-11-02,24.343351364135742,24.35552378271794,24.197291627400993,24.245977587229138,28021220
2022-11-03,24.026887893676758,24.0634032934499,23.941686532373016,23.978201932146156,54132456
2022-11-04,24.06340217590332,24.08774515553809,23.73476730770819,23.880827042767105,25730140
2022-11-07,24.47723960876465,24.550268545729857,24.23380610438012,24.29466448047625,48426144
2022-11-08,24.732845306396484,24.818046667104348,24.647643945688625,24.696329906878724,41625688
2022-11-09,25.43880271911621,25.43880271911621,24.964108100272078,24.964108100272078,75645316
2022-11-10,25.195369720458984,25.280571082363117,25.122338920398075,25.183197301365368,58931616
2022-11-11,26.53425407409668,26.53425407409668,26.242134588658157,26.42470973136983,137249556
2022-11-14,26.777685165405273,26.875058937456792,26.631625435953108,26.728999208004627,72667064
2022-11-15,27.921823501586914,27.982681880498177,27.069806196829244,27.069806196829244,135373028
2022-11-16,27.873138427734375,28.177430331967283,27.714906266083187,27.99485518942754,94684964
2022-11-17,27.88530921936035,27.909652198828198,27.471471139405793,27.73924762805269,53409672
2022-11-18,27.812278747558594,28.20177199533036,27.763592788055988,27.970510901817523,42624300
2022-11-21,27.71490478515625,27.909652336359265,27.678389387149398,27.83662154034556,34742276
2022-11-22,27.946168899536133,27.994854860741622,27.5201602386118,27.605361599346594,22178072
2022-11-23,28.140913009643555,28.21394380457072,28.007025695277438,28.153085427881503,31755848
2022-11-24,28.40869140625,28.445206806169423,28.213945702097064,28.23828868295988,60955344
2022-11-25,28.40869140625,28.469549787032243,28.32349004460494,28.396520844443785,64081944
2022-11-28,27.83662223815918,28.06788519316639,27.72707789864284,27.897480617279445,60178952
2022-11-29,28.092227935791016,28.092227935791016,27.532330109719446,27.714905245536222,42685868
2022-11-30,28.323488235473633,28.33566065375274,27.958337974103753,28.019196350998733,37184264
2022-12-01,28.81035614013672,29.090305053946942,28.725154781303257,29.017274256518075,98737356
2022-12-02,28.554752349853516,28.71298265045153,28.481721551692626,28.554752349853516,29920608
2022-12-05,28.591264724731445,28.84687065061166,28.530406347831423,28.554751184391648,47951016
2022-12-06,28.067886352539062,28.43303664234356,28.043541514085096,28.43303664234356,39880032
2022-12-07,27.897480010986328,28.20177189997451,27.800106235060053,27.873137031317334,32901556
2022-12-08,27.56884765625,27.77576578818015,27.374100086638997,27.763595225861003,36475576
2022-12-09,27.994855880737305,28.055714263086735,27.73924993196953,27.751422351339592,24947356
2022-12-12,27.727079391479492,27.800108336005515,27.568847225797455,27.800108336005515,33456200
2022-12-13,27.605361938476562,27.873138442897112,27.56884653849867,27.873138442897112,26088568
2022-12-14,27.946168899536133,27.994854860741622,27.751421340213433,27.775764320816176,31534172
2022-12-15,27.970510482788086,28.007025880493153,27.727076974421347,27.824450749218098,31236764
2022-12-16,27.50798797607422,27.581018775548017,27.325412834640098,27.38627121511814,47527104
2022-12-19,27.349754333496094,27.495814067279397,27.26455297689336,27.349754333496094,24526112
2022-12-20,26.85071563720703,27.38626859120156,26.789857262559917,27.301067238145638,49743932
2022-12-21,26.960262298583984,27.118494457790984,26.85071795765241,26.972434717465433,47612612
2022-12-22,27.410614013671875,27.447129413166074,27.203695892871917,27.203695892871917,20092604
2022-12-23,26.948089599609375,27.033292816393192,26.87506065883083,26.948089599609375,23941448
2022-12-26,27.045461654663086,27.06980463337156,26.94808788257897,26.972432718537668,16120680
2022-12-27,27.167179107666016,27.32541125923637,27.118493148990648,27.118493148990648,16508700
2022-12-28,26.777685165405273,26.899401916157117,26.631625435953108,26.899401916157117,48701404
2022-12-29,26.655969619750977,26.68031259955183,26.38819312744098,26.58293882309811,55414224
2022-12-30,26.826374053955078,26.960263237311423,26.826374053955078,26.92374783664602,34572648
2023-01-03,26.960262298583984,26.99677769797796,26.400364460543944,26.680313379563966,59242536
2023-01-04,26.899402618408203,26.972433413665982,26.80202884381459,26.850716659736534,55019412
2023-01-05,27.09415054321289,27.19152246190614,27.00894732848085,27.081978124751085,48283616
2023-01-06,27.21586799621582,27.31323991740415,27.057635838409265,27.069806399932634,46347120
2023-01-09,28.18960189819336,28.18960189819336,27.727077846302382,27.75142082645447,59992304
2023-01-10,28.29914665222168,28.335662051610104,28.177429892427178,28.22611585344483,47897080
2023-01-11,28.323488235473633,28.420862009955655,28.21394389996278,28.396519030647717,62409904
2023-01-12,28.201770782470703,28.384345908629015,28.15308482506191,28.36000292992462,39816908
2023-01-13,28.530406951904297,28.871214241210385,28.469548573715723,28.84687126138502,113933548
2023-01-16,28.74949836730957,28.859044565761753,28.725155386736986,28.74949836730957,110397484
2023-01-17,28.74949836730957,28.810356747366217,28.676469425591815,28.810356747366217,56226344
2023-01-30,29.382423400878906,29.455454195503396,29.212020689755434,29.406768237253907,173329284
2023-01-31,28.798187255859375,29.3580832588363,28.798187255859375,29.3580832588363,86450304
2023-02-01,28.96858787536621,29.078132212667054,28.834698701109353,28.99293085507192,26163640
2023-02-02,29.455453872680664,29.47979685153862,29.27287874537066,29.285051163424757,62178044
2023-02-03,29.455453872680664,29.50413983039657,29.260706327316566,29.44328145462657,38029112
2023-02-06,29.029447555541992,29.236365678198503,29.029447555541992,29.236365678198503,53519476
2023-02-07,28.96858787536621,29.029446253255635,28.859043538065364,28.99293085507192,33203448
2023-02-08,29.4189395904541,29.443282570234413,29.212021476446004,29.236364456226315,35659720
2023-02-09,29.43111228942871,29.455455269440993,29.285052552104688,29.333738512129255,19396980
2023-02-10,29.455453872680664,29.47979685153862,29.358080099998617,29.431110893822712,24871900
2023-02-13,29.394596099853516,29.431111497514568,29.187677989441248,29.38242368154974,15322364
2023-02-14,29.61368751525879,29.65020291401318,29.516313737663854,29.516313737663854,30469028
2023-02-15,28.93207359313965,29.27288089391598,28.919903031442505,29.199850094731634,49084992
2023-02-16,29.285053253173828,29.333739214363913,29.041619732722676,29.041619732722676,44040076
2023-02-17,28.907730102539062,29.04161927959833,28.822528743160596,29.04161927959833,31532096
2023-02-20,28.96858787536621,29.053789232961343,28.74949734351422,28.859043538065364,23364440
2023-02-21,28.9564151763916,28.9929305742216,28.859043258511992,28.968587594751696,17772152
2023-02-22,28.63995361328125,28.664296593502947,28.506064436186406,28.603438214323536,43550488
2023-02-23,29.065963745117188,29.16333752820435,28.712984013582528,28.712984013582528,24790780
2023-02-24,28.91990089416504,29.236363333658705,28.91990089416504,29.187677375967446,21990924
2023-03-01,29.053791046142578,29.07813402736748,28.445207229267996,28.55475343065567,29869272
2023-03-02,29.029447555541992,29.053790536339747,28.798186452087723,29.053790536339747,13924924
2023-03-03,29.053791046142578,29.236366191204954,29.01727564568002,29.163337247530254,12403748
2023-03-06,29.333738327026367,29.431112103711374,29.187678590624017,29.248536968895856,37364848
2023-03-07,29.528486251831055,29.552829231995936,29.260707898266368,29.34591111471895,29874380
2023-03-08,29.285053253173828,29.358082194958953,29.163336492948254,29.333739214363913,24727856
2023-03-09,29.26070785522461,29.40676945049971,29.26070785522461,29.394597031810008,13108684
2023-03-10,28.798187255859375,28.956417564086273,28.725156454177394,28.93207458260909,52548684
2023-03-13,28.91990089416504,28.99292983070193,28.579093618575506,28.71298093085159,74943036
2023-03-14,28.603439331054688,28.712983674954305,28.51823796832716,28.61561175026594,44186128
2023-03-15,28.62778091430664,28.89555740862471,28.591265515706375,28.822528468674502,48857440
2023-03-16,28.493894577026367,28.579095938527544,28.360005396631387,28.530408119633737,62425580
2023-03-17,28.9564151763916,28.9564151763916,28.676468126612296,28.688638687722104,43399212
2023-03-20,28.74949836730957,28.980761325875047,28.688639987252923,28.956416488052096,28429916
2023-03-21,28.883384704589844,28.9077276827674,28.77383851691556,28.846869308698416,14367480
2023-03-22,29.43111228942871,29.43111228942871,29.07813257887447,29.07813257887447,56968508
2023-03-23,29.662372589111328,29.77191878210124,29.321565306337632,29.37025312230546,62131916
2023-03-24,29.747575759887695,29.771920597981612,29.58934545577956,29.698889798200636,53829576
2023-03-27,29.564998626708984,29.67454481900335,29.504140250073313,29.638029421571897,42578380
2023-03-28,29.309396743774414,29.491971887289722,29.260708924486757,29.443284068002068,38965956
2023-03-29,29.358081817626953,29.467628014772224,29.24853747773203,29.37025423639321,12297708
2023-03-30,29.504140853881836,29.62585760964414,29.394596516595886,29.552828670536936,45522456
2023-03-31,29.601516723632812,29.784091870189656,29.552830760784495,29.62585970505697,59806560
2023-04-06,29.455453872680664,29.455453872680664,29.260706327316566,29.418938475768616,30005676
2023-04-07,29.455453872680664,29.564998206166575,29.40676791496476,29.516312248450667,17655436
2023-04-10,29.455453872680664,29.613686021132715,29.431110893822712,29.516312248450667,15124112
2023-04-11,29.4189395904541,29.491970387045342,29.309395252817552,29.45545498874972,23765992
2023-04-12,29.345911026000977,29.418939966274838,29.2485372483855,29.418939966274838,11568680
2023-04-13,29.09030532836914,29.248537486124146,29.09030532836914,29.224194505834998,26200016
2023-04-14,29.370254516601562,29.431112896512776,29.175506957985537,29.212022357382335,12363216
2023-04-17,29.297224044799805,29.33373944460416,29.16333672185101,29.297224044799805,22756672
2023-04-18,29.199848175048828,29.309394366623465,29.15116221696027,29.2972219484762,19338552
2023-04-19,28.98076057434082,29.22419408825464,28.919902195862363,29.212021669658824,31139140
2023-04-20,28.944244384765625,29.06596113839605,28.8225276311352,28.932071966502473,25631852
2023-04-21,28.8712158203125,29.102478784428133,28.8468728391557,29.07813394602092,19224952
2023-04-24,28.76167106628418,28.846872427743047,28.652124866765305,28.676469704825312,26235392
2023-04-25,28.38434600830078,28.79818407672962,28.372175447530957,28.79818407672962,74111004
2023-04-26,28.262630462646484,28.384347219037945,28.1530861247943,28.372176657748984,51812420
2023-04-27,28.2382869720459,28.396519123942763,28.116570217856044,28.250459390364995,37843400
2023-04-28,28.57909393310547,28.615609330400908,28.445204762105618,28.445204762105618,22563740
2023-05-02,28.652122497558594,28.725153291199025,28.50606276752797,28.591264121941645,20658196
2023-05-03,28.530406951904297,28.566922350267504,28.433035032602824,28.566922350267504,16713728
2023-05-04,28.603439331054688,28.603439331054688,28.408691767177128,28.481722567943816,14828800
2023-05-05,28.676469802856445,28.737328183713736,28.579096022034697,28.652124964713213,8875004
2023-05-08,28.859045028686523,28.944246390682462,28.81035720950999,28.84687260957979,24044836
2023-05-09,28.944244384765625,28.968587364041657,28.798184651859167,28.87121358968726,18544840
2023-05-10,28.676469802856445,28.919903326285613,28.63995440289199,28.919903326285613,16300476
2023-05-11,28.615610122680664,28.834698798018678,28.615610122680664,28.786012838443632,14739856
2023-05-12,28.530406951904297,28.603437748630714,28.420862614064987,28.51823639061677,15253396
2023-05-15,28.530406951904297,28.566922350267504,28.396519634239617,28.469548573715723,16478796
2023-05-16,28.8712158203125,28.968589602190114,28.688640675760883,28.700813094964488,31605876
2023-05-17,29.345911026000977,29.382424567512743,28.883386975265207,28.883386975265207,104119624
2023-05-18,29.73540496826172,29.796263348525354,29.601515788781573,29.650203607342707,87894220
2023-05-19,29.82060432434082,29.905805679531746,29.747573530034174,29.84494730335962,136498504
2023-05-22,29.77191925048828,29.857120608209566,29.72323143375447,29.820605209971784,71936104
2023-05-23,29.747575759887695,29.85712195955916,29.650203836513576,29.771920597981612,49062812
2023-05-24,29.601516723632812,29.650204543731565,29.479799959261584,29.61368914297011,43519312
2023-05-25,29.954492568969727,30.039693921527203,29.80843098487098,29.942320151211437,45771436
2023-05-26,30.660449981689453,30.68479481860092,30.429188889032922,30.429188889032922,95122080
2023-05-29,30.85519790649414,31.049945460638416,30.794339527980345,31.025600623432638,57995472
2023-05-30,30.85519790649414,30.928228703610824,30.782167109377458,30.85519790649414,48495216
2023-05-31,30.709138870239258,30.843026191674486,30.465705350629353,30.843026191674486,35461188
2023-06-01,30.4657039642334,30.5752483001727,30.40484558710039,30.51438992303969,15517372
2023-06-02,30.85519790649414,30.916056285007937,30.623936811041848,30.623936811041848,31771276
2023-06-05,30.757822036743164,30.867368224964963,30.73347905844394,30.855195807190253,25440488
2023-06-06,30.84302520751953,30.976914381932918,30.70913789035645,30.757823849824785,26369656
2023-06-07,31.183834075927734,31.22034761657964,30.916055729478476,30.916055729478476,48306172
2023-06-08,30.879539489746094,31.208174347406135,30.806510553182882,31.135145410842924,20562940
2023-06-09,31.110803604125977,31.208175523212198,31.013429827789448,31.037772807561005,22207812
2023-06-12,31.402921676635742,31.475952469946613,31.281204925951105,31.281204925951105,54885148
2023-06-13,32.023681640625,32.121053566904386,31.69504488905552,31.69504488905552,93752808
2023-06-14,32.01150894165039,32.03585378025807,31.889792177613696,31.98716410304271,26707972
2023-06-15,32.10887908935547,32.13322392661529,32.011507169317504,32.02367958794741,44164476
2023-06-16,32.023681640625,32.08454002317484,31.914137294935472,32.08454002317484,28808864
2023-06-19,31.950651168823242,32.011509552001954,31.780248438823037,31.877620366108605,23915984
2023-06-20,31.78024673461914,31.950649455481564,31.731560773587123,31.914135913332732,26115876
2023-06-21,31.78024673461914,31.901963494449546,31.707215935820752,31.78024673461914,106262060
2023-06-26,31.58549690246582,31.731558489549084,31.500293690917175,31.731558489549084,29573612
2023-06-27,31.37858009338379,31.536814114376526,31.329894130963265,31.43943847503465,26296196
2023-06-28,31.427268981933594,31.57332686553121,31.354238182884412,31.488127362057785,22783412
2023-06-29,31.415098190307617,31.768076070412008,31.378580931641068,31.585500920582053,22786068
2023-06-30,31.427268981933594,31.427268981933594,31.232521422636026,31.354238182884412,28116752
2023-07-03,31.816761016845703,31.816761016845703,31.548986367690638,31.548986367690638,26491300
2023-07-04,31.88979148864746,31.926305031269266,31.78024714628127,31.828933107943932,22718680
2023-07-05,31.841106414794922,31.93847834083523,31.743730774253738,31.889792377815077,20003768
2023-07-06,31.135147094726562,31.573326309554606,31.08645927713433,31.573326309554606,65609104
2023-07-07,31.08646011352539,31.232521712981573,30.94040037131959,31.04994657091173,32081608
2023-07-10,31.02560043334961,31.28120636444167,30.916056095596048,31.18383444521642,31486556
2023-07-11,31.451610565185547,31.451610565185547,31.159491079218036,31.159491079218036,18161736
2023-07-12,31.512466430664062,31.512466430664062,31.36640855659002,31.475952890770674,13757804
2023-07-13,31.86544418334961,32.10887768731561,31.853275479751698,31.9628198136363,62665236
2023-07-14,32.19408416748047,32.25494254964962,31.999336601639015,31.999336601639015,58928984
2023-07-17,32.13322448730469,32.181910448173184,32.07236610759388,32.13322448730469,61113608
2023-07-18,32.071475982666016,32.35551140736911,32.034425425912886,32.35551140736911,43350244
2023-07-19,31.799789428710938,32.23201957628565,31.799789428710938,32.145572039271585,57198712
2023-07-20,31.94798469543457,32.03442846523168,31.8615371568896,31.87388734364572,14887776
2023-07-21,31.416955947875977,31.46635480916324,31.24406464430526,31.46635480916324,51028788
2023-07-24,31.429306030273438,31.528101868147107,31.26876302927546,31.36755886714913,38900724
2023-07-25,31.824487686157227,31.910931448676884,31.540448489670386,31.540448489670386,27691160
2023-07-26,31.7380428314209,31.910934139788015,31.70099603989504,31.886237535020065,17586968
2023-07-27,31.985031127929688,31.985031127929688,31.861536799250423,31.89858359035507,16027612
2023-07-28,31.985031127929688,32.083825083373966,31.861536799250423,31.960330754694706,10722548
2023-07-31,31.8121395111084,32.26906626151434,31.6762949971372,32.182622493531056,28994208
2023-08-01,31.972679138183594,31.997379510025578,31.824488213374533,31.861535002389896,17791060
2023-08-02,31.577499389648438,31.972680863586618,31.478703550070417,31.96033067699915,48022884
2023-08-04,31.429306030273438,31.491053193397747,31.34286037877418,31.429306030273438,26939664
2023-08-07,31.7380428314209,31.787439809704665,31.50340435801211,31.528102847153992,18407492
2023-08-08,31.367557525634766,31.663943142206204,31.219364717349045,31.639246539261343,42070044
2023-08-09,31.416955947875977,31.528101972491903,31.281113319177237,31.318161994049213,14657596
2023-08-10,31.2193660736084,31.36755888833204,31.19466758521677,31.342860399940413,43583592
2023-08-11,31.19466781616211,31.45400477275498,31.157619141113443,31.367559120557356,30991408
2023-08-14,30.750085830688477,31.046471446391383,30.65128999732958,31.03412314495514,90266740
2023-08-15,30.799484252929688,30.98472574254484,30.77478576452244,30.935328765730347,29644352
2023-08-16,30.63894271850586,30.725388368939957,30.527796695627295,30.66364120657648,72292252
2023-08-17,30.7747859954834,30.787136181966645,30.354906036287456,30.527797340809578,38535436
2023-08-18,30.58954429626465,30.82418464723199,30.552495621440976,30.6759899479373,30402880
2023-08-21,30.37960433959961,30.7377371329429,30.37960433959961,30.67598996965103,40236924
2023-08-22,30.6265926361084,30.713038286835545,30.552495287271498,30.6265926361084,14564580
2023-08-23,30.836532592773438,30.910629941564185,30.626592617031463,30.626592617031463,27136280
2023-08-24,31.367557525634766,31.392256012953418,31.182316044184166,31.219364717349045,26694756
2023-08-25,30.76243782043457,30.99707628959429,30.75008763390031,30.99707628959429,28754872
2023-08-28,30.96002769470215,31.046473347544573,30.811834877776,30.83653336653471,17258996
2023-08-29,31.132919311523438,31.132919311523438,30.799483134821735,31.12056912558122,25960364
2023-08-30,31.268762588500977,31.37990861118231,31.145268263993174,31.30581126272809,22997780
2023-08-31,31.046472549438477,31.256414409425307,30.9970755731909,31.256414409425307,17424156
2023-09-01,31.095870971679688,31.194666807155897,30.898279300727264,30.997075136203474,12327708
2023-09-04,31.305810928344727,31.318161114413133,31.021773608135867,31.09587095579864,13690652
2023-09-05,31.231714248657227,31.268762923281,31.13292029549232,31.25641462132232,14489636
2023-09-06,31.12057113647461,31.29346244459434,31.08352246062783,31.268763955487795,29338084
2023-09-07,30.836532592773438,30.997075592237486,30.799483918378066,30.94767861595956,22600776
2023-09-08,30.7006893157959,30.750086291027944,30.589543294963075,30.651290456190036,22110532
2023-09-11,30.57719612121582,30.75008742527908,30.47840028273372,30.73773723882861,33026528
2023-09-12,30.88593292236328,30.88593292236328,30.589545397477927,30.651292562948967,10398692
2023-09-13,30.9229793548584,31.02177519533896,30.799485025351178,30.9229793548584,12823132
2023-09-14,31.355209350585938,31.355209350585938,31.009426737202283,31.095872390548195,28711600
2023-09-15,31.454004287719727,31.454004287719727,31.30581147418416,31.367558636855133,22933528
2023-09-18,31.12057113647461,31.268763955487795,31.08352246062783,31.268763955487795,28383636
2023-09-19,30.984725952148438,31.132920652342158,30.960027463574114,31.08352179081962,16069368
2023-09-20,30.81183433532715,30.922978474971565,30.750087172330502,30.885931684672673,23793164
2023-09-21,30.317855834960938,30.589542964550187,30.293157347611697,30.577194663062464,84682840
2023-09-22,30.29315757751465,30.33020625100658,30.144964767920726,30.243758718067465,38237532
2023-09-25,30.51544761657715,30.56484459146029,30.317855948296977,30.317855948296977,15972528
2023-09-26,30.157312393188477,30.379602544781143,30.132613906205687,30.293156898154486,40307016
2023-09-27,30.16966438293457,30.206713057811058,30.021471567802504,30.095567033181595,26110120
2023-09-28,30.29315757751465,30.41665189957188,30.144964767920726,30.31785606505133,22157308
2023-10-02,30.68834114074707,30.750088306020203,30.527798134162136,30.527798134162136,25845048
2023-10-03,30.50309944152832,30.66364244704273,30.49074925480647,30.614243584529255,20273816
2023-10-04,30.10791778564453,30.18201325241666,29.972073270001417,30.157314763492618,44900108
2023-10-05,30.54014778137207,30.54014778137207,30.23141196046126,30.23141196046126,16421960
2023-10-06,30.651290893554688,30.700689753865422,30.577195429649347,30.577195429649347,19539980
2023-10-11,31.18231773376465,31.21936640893697,31.08352189476309,31.095872081278497,53988076
2023-10-12,31.4416561126709,31.454004414630603,31.19466746099045,31.24406443757699,57188056
2023-10-13,31.355209350585938,31.466355377208323,31.244065208337464,31.367559537224174,25451284
2023-10-16,31.18231773376465,31.194667920280054,31.04647321959077,31.194667920280054,30968164
2023-10-17,31.25641441345215,31.36755855221044,31.219365739074767,31.293461203455674,27344148
2023-10-18,30.82418441772461,31.18231720814785,30.82418441772461,31.18231720814785,38264128
2023-10-19,30.836532592773438,30.92297824344674,30.725388453961173,30.725388453961173,31304980
2023-10-20,30.97237777709961,30.984726079250482,30.601894793843332,30.81183477414711,17549164
2023-10-23,30.58954429626465,30.836532949257297,30.51544883099118,30.836532949257297,32149280
2023-10-24,30.614242553710938,30.614242553710938,30.305506739799476,30.57719576354065,28788744
2023-10-25,30.675989151000977,30.848882334228538,30.675989151000977,30.675989151000977,15920360
2023-10-26,30.07086944580078,30.23141245216034,30.033820769814124,30.095567935000574,87896488
2023-10-27,30.20671272277832,30.31785686180116,30.157313862032943,30.16966404831275,16275748
2023-10-30,30.13261604309082,30.342556023893312,30.070868879068094,30.231411882401964,36553408
2023-10-31,29.92267608642578,30.243760208978628,29.910325899861714,30.231411906788463,43123508
2023-11-01,30.07086944580078,30.16966528697389,29.947375115427885,30.13261661098723,17689308
2023-11-02,30.750085830688477,30.750085830688477,30.416651541929266,30.416651541929266,39232848
2023-11-03,30.984725952148438,31.021774627196866,30.799484461280176,30.873581811377036,34794272
2023-11-06,31.25641441345215,31.416955528464378,31.207015552824355,31.25641441345215,63692796
2023-11-07,31.244064331054688,31.318161680055745,31.145268493844565,31.244064331054688,26172452
2023-11-08,31.416955947875977,31.47870311120464,31.24406464430526,31.281113319177237,44402716
2023-11-09,31.429306030273438,31.4663547050228,31.28111321564987,31.34286037877418,24907492
2023-11-10,31.305810928344727,31.33050941610771,31.21936527898738,31.293460742276324,17006284
2023-11-13,31.787437438964844,32.00972947778482,31.738040464365156,31.923281945674677,101550224
2023-11-14,31.861534118652344,32.009728808098565,31.84918393307391,31.910931092218583,80377828
2023-11-15,32.24436950683594,32.35551364729465,32.12087517993787,32.330813274415924,91164196
2023-11-16,32.256717681884766,32.40490860367324,32.18262033661676,32.306114655814255,73317344
2023-11-17,32.35551452636719,32.479008856620496,32.24437038288878,32.256720569663685,108590352
2023-11-20,32.34316635131836,32.367866726404515,32.21967201338377,32.367866726404515,34641500
2023-11-21,32.73834991455078,32.7753967086292,32.466660862148615,32.466660862148615,113513384
2023-11-22,32.441959381103516,32.55310351538691,32.39255863809085,32.41725900959718,24548288
2023-11-23,32.42961120605469,32.46665799686361,32.293766691842315,32.441961392573596,24937264
2023-11-24,32.4049072265625,32.516051355367445,32.367860439876644,32.42960759685132,53237608
2023-11-27,32.19497299194336,32.565455977955374,32.13322582760802,32.40491108943481,37727104
2023-11-28,32.41726303100586,32.553107553647294,32.18262454757866,32.20732115340108,38275884
2023-11-29,32.39255905151367,32.65189788064988,32.367862448439695,32.42960960924605,26470308
2023-11-30,32.441959381103516,32.47900616961546,32.26906431805428,32.42960919535035,43669324
2023-12-01,32.553104400634766,32.553104400634766,32.30611575384504,32.35551272945346,21198560
2023-12-04,32.42961120605469,32.60250251107598,32.33081348265124,32.55310553374816,17596136
2023-12-05,32.19497299194336,32.256720156278696,32.0838250811415,32.256720156278696,19111864
2023-12-06,32.30611801147461,32.454308948655786,32.2073202846059,32.2073202846059,28548196
2023-12-07,32.108524322509766,32.26906543662324,32.108524322509766,32.25671901918965,10954636
2023-12-08,32.367862701416016,32.503707210001224,32.33081214339406,32.39255930468301,52095808
2023-12-11,32.4049072265625,32.44195778199573,32.26906272746873,32.367860439876644,12519352
2023-12-12,32.479007720947266,32.61485223322549,32.441960930665815,32.577801674196294,21902040
2023-12-13,32.49135971069336,32.55310687708816,32.45430914960771,32.50370989772191,11761744
2023-12-14,32.886539459228516,32.96063681297825,32.725998333394074,32.763045125894955,128026068
2023-12-15,33.02238082885742,33.14587515040793,33.01003064295285,33.01003064295285,73515340
2023-12-18,33.071781158447266,33.071781158447266,32.750698904844235,33.010033991408534,26607988
2023-12-19,32.94828414916992,33.04708186965892,32.787743035403366,33.04708186965892,22424988
2023-12-20,33.034732818603516,33.05943319176141,32.9482852812987,32.98533584103554,26463340
2023-12-21,32.75069808959961,32.77539469455155,32.614853571746295,32.65190036354816,21419804
2023-12-22,32.83713912963867,32.874189687107666,32.750695366372845,32.750695366372845,24816776
2023-12-25,32.972984313964844,33.04708166167834,32.83713980461471,32.849489990691566,32321648
2023-12-26,33.158226013183594,33.195272802905954,32.97298452707643,32.97298452707643,67267856
2023-12-27,33.528709411621094,33.5657562018144,33.18292680732446,33.19527322489041,119800140
2023-12-28,33.528709411621094,33.59045657444176,33.454612062486746,33.528709411621094,59393184
2023-12-29,33.45460891723633,33.590453416419855,33.429912315678564,33.5163560742518,52446432
2024-01-02,33.31876754760742,33.578106385181,33.25702038479218,33.4916626184883,23688304
2024-01-03,32.73834991455078,33.07178236750094,32.67660274525466,33.022385385813664,54189900
2024-01-04,32.72599411010742,32.78774126880574,32.676597136898266,32.738344295596576,18270372
2024-01-05,32.639549255371094,32.83714093314862,32.627202837617574,32.73834697863375,15998684
2024-01-08,32.787742614746094,32.99768447043749,32.787742614746094,32.84948977597914,37578880
2024-01-09,32.849491119384766,33.08412958791653,32.787743955626524,33.0594329836619,22804060
2024-01-10,32.67660140991211,32.76304518214524,32.602504056035166,32.701298015372444,27125880
2024-01-11,32.81244659423828,32.911240555573805,32.68895225819485,32.713648864154706,22504312
2024-01-12,32.76304244995117,32.86184016979743,32.59015115115479,32.65189831277833,25937588
2024-01-15,32.76304244995117,32.76304244995117,32.76304244995117,32.76304244995117,0
2024-01-16,32.51605224609375,32.676597119874216,32.38021151202621,32.61484996120807,87905184
2024-01-17,31.478702545166016,32.10852435354274,31.441655755334082,32.10852435354274,145373216
2024-01-18,31.688644409179688,31.75039157140773,31.589848572740053,31.589848572740053,28368372
2024-01-19,32.824790954589844,32.87419170090802,32.38021438770878,32.52840532041987,104149832
2024-01-22,33.047080993652344,33.18292550025647,32.93593685870264,33.047080993652344,51769732
2024-01-23,33.108829498291016,33.158226474857834,32.972984986171475,33.071778939305105,27609740
2024-01-24,33.09647750854492,33.1952714562953,33.084127322889245,33.133524296764435,56681432
2024-01-25,33.50400924682617,33.51635943321646,33.318767757215085,33.35581831638595,104278032
2024-01-26,33.50400924682617,33.578106596420156,33.41756547958965,33.50400924682617,63300248
2024-01-29,33.713951110839844,33.75099790126474,33.491662830794944,33.504009248438074,106544936
2024-01-30,33.62750244140625,33.7509967636571,33.60280583820466,33.67690318530469,38244096
2024-01-31,33.182926177978516,33.41756463849735,33.182926177978516,33.40521445241791,27139568
2024-02-01,33.182926177978516,33.2199729674692,32.997684693029804,33.182926177978516,33583900
2024-02-02,33.368167877197266,33.39286448076708,33.25701997051618,33.34346750487976,35616952
2024-02-05,33.57810592651367,33.63985308848547,33.34346746477038,33.36816783705817,68850940
2024-02-15,35.15883255004883,35.24527630822361,34.92419033947368,35.121781994761896,166902248
2024-02-16,34.899497985839844,35.15883682942447,34.87479761264214,35.15883682942447,70613876
2024-02-19,34.850101470947266,34.887148262487926,34.726607140814565,34.825401097421576,35994992
2024-02-20,34.98594284057617,35.07239038070384,34.67720700976012,34.714257570706806,53273328
2024-02-21,34.87479782104492,34.948895172333,34.8377510297748,34.9241947989877,41419940
2024-02-22,35.26997756958008,35.3317247278711,35.03533912182369,35.30702435705571,49482432
2024-02-23,35.50461959838867,35.59106713621431,35.393475456004154,35.43052224721638,76632740
2024-02-26,35.55401611328125,35.56636629977378,35.31937764491424,35.492268949566366,39179224
2024-02-27,35.40582275390625,35.615760834893145,35.23292769236142,35.55401367541214,23922688
2024-02-29,35.39347457885742,35.554015695128875,35.24527988018551,35.319377229521464,27390448
2024-03-01,35.26997756958008,35.55401299021979,35.26997756958008,35.45521904445314,34647028
2024-03-04,36.29498291015625,36.35673007528709,35.77630898430595,35.8133557758853,97571592
2024-03-05,36.591365814208984,36.69016353228294,36.39377791555626,36.49257186488262,65483708
2024-03-06,36.76426315307617,36.813660130795306,36.159137927586386,36.307332629491604,66132768
2024-03-07,37.616371154785156,37.78926245146718,37.23353800365149,37.295285164519896,118461268
2024-03-08,38.147396087646484,38.64137338568981,37.78926330031461,38.43143529527001,115837004
2024-03-11,37.76456069946289,38.085646677993616,37.67811693865489,37.99920291718561,52057640
2024-03-12,38.15974426269531,38.18444463379476,37.56697304378351,37.591669646135465,58684560
2024-03-13,38.34498596191406,38.56727422810731,38.27088861693381,38.41908330689432,51296604
2024-03-14,38.30794143676758,38.480832739436394,38.110349761397046,38.25854069136414,33274472
2024-03-15,37.78926467895508,38.22149483051175,37.78926467895508,38.110350688146745,34403816
2024-03-18,38.135047912597656,38.15974828630154,37.78926529323065,37.78926529323065,71751072
2024-03-19,38.04860305786133,38.172097385365745,37.789264216352485,37.88805817085691,34279156
2024-03-20,37.83865737915039,38.357335009881005,37.78926040687781,38.0856460092607,40321616
2024-03-21,38.87601089477539,38.950108241413616,38.4190841665436,38.4190841665436,79843224
2024-03-22,38.82661437988281,39.085953211815,38.65372308151057,38.900711727398814,27109996
2024-03-25,38.90071487426758,39.02420920720176,38.76487035429039,38.82661752075748,34332452
2024-03-26,38.925411224365234,39.32059078765341,38.62902184096465,39.09830251885053,26127772
2024-03-27,38.93775939941406,38.987160144709634,38.75251791079887,38.87601223654234,17547948
2024-03-28,38.75251770019531,38.8513154215018,38.50552905005067,38.8513154215018,12641392
2024-03-29,38.97481155395508,39.011858345695664,38.75251949726791,38.75251949726791,20572000
2024-04-01,38.87601089477539,39.20944707027361,38.83896410583008,39.0736025628948,21344696
2024-04-02,39.43173599243164,39.43173599243164,39.12300018363168,39.13535036973321,29364088
2024-04-03,39.16005325317383,39.24649702393265,38.97481175601477,39.18474985821296,18550252
2024-04-08,39.38233947753906,39.48113719875956,39.16005120010143,39.184747803845774,22629184
2024-04-09,40.32089614868164,40.3455965205903,39.4934826834608,39.51818305536945,32581692
2024-04-10,40.25914764404297,40.33324498854838,40.12330314057431,40.19740048507971,21203720
2024-04-11,40.13565444946289,40.13565444946289,39.925712595612815,40.024510313967745,17270700
2024-04-12,40.036861419677734,40.20975271983643,39.99981086116307,40.1603557438979,23321576
2024-04-15,39.518184661865234,39.65402917538995,39.41939070770968,39.5799318253994,31563124
2024-04-16,38.443782806396484,39.09830500617279,38.221494523452265,39.09830500617279,66621548
2024-04-17,38.87601089477539,38.950108241413616,38.505527930331866,38.517878116229504,30823556
2024-04-18,39.258846282958984,39.258846282958984,38.48083352077814,38.6166780359004,26278092
2024-04-19,37.27058792114258,38.07330107981114,36.92480529875375,38.06095466159919,121590104
2024-04-22,37.15944290161133,37.480528911272955,36.97420140781591,37.14709271494207,37041220
2024-04-23,37.517574310302734,37.65341882112792,37.369383382014284,37.57932147260985,21648704
2024-04-24,38.616676330566406,38.65372311998746,38.0362515046522,38.0362515046522,30701016
2024-04-25,37.91276168823242,38.14740017620151,37.85101451935908,38.06095640102769,18805640
2024-04-26,38.53023147583008,38.72782316022494,38.40673714417678,38.53023147583008,23018032
2024-04-29,39.221797943115234,39.29589529105123,38.85131497218294,38.85131497218294,30810776
2024-04-30,39.08595275878906,39.35764177361618,39.08595275878906,39.17240029134704,17931740
2024-05-02,38.56727600097656,38.86366539452208,38.53022921115722,38.86366539452208,24868108
2024-05-03,38.764869689941406,39.184749660972166,38.64137535912366,39.16005305605735,22758784
2024-05-06,39.32059097290039,39.555229428574975,39.27119399835009,39.27119399835009,34385032
2024-05-07,39.542884826660156,39.654028966687136,39.394690127459015,39.579931617086565,24914944
2024-05-08,39.691078186035156,39.71577856032949,39.43173933093662,39.5181868722188,23909068
2024-05-09,39.64167785644531,39.826919341755804,39.61697748423818,39.703425018215476,20302276
2024-05-10,39.92571258544922,40.036860489663674,39.65402733972442,39.82691863586704,38735812
2024-05-13,40.33324432373047,40.48143524155113,40.246796795107834,40.345594509069045,36463372
2024-05-14,40.60493469238281,40.61728487928321,40.18505471900466,40.308549050512816,30997876
2024-05-15,41.1606559753418,41.4570453628536,40.87662054251521,40.901320914390396,58324000
2024-05-16,41.35824966430664,41.9263243264559,41.27180589601624,41.72873264804557,48239680
2024-05-17,41.3088493347168,41.41999346706967,41.17300483128662,41.38294667920121,18716540
2024-05-20,41.29650115966797,41.34589813547994,40.82722423633275,41.30885134580788,27022924
2024-05-21,41.24710464477539,41.28415143486143,40.96306920412184,41.09890994693579,17396092
2024-05-22,41.98807144165039,41.98807144165039,41.296502452391294,41.296502452391294,25594296
2024-05-23,42.30915832519531,42.3462051167955,41.98807231258479,42.062169664533045,24008260
2024-05-24,42.13626480102539,42.18566177681106,41.81517880529705,41.81517880529705,14620304
2024-05-27,42.7166862487793,42.8278303874908,42.420300622632716,42.420300622632716,22741680
2024-05-28,42.77843475341797,42.82783173120093,42.60554344680369,42.71668758900231,22098816
2024-05-29,42.19801330566406,42.60554307979779,42.123915955253985,42.59319289327148,27187816
2024-05-30,41.46939468383789,41.74108371849887,41.419997705376225,41.494095057442664,37110048
2024-05-31,41.000118255615234,41.716383874268374,41.000118255615234,41.55584275004375,33146844
2024-06-03,41.87692642211914,41.9263233984414,41.32120195881138,41.6546343755474,35980328
2024-06-04,41.210060119628906,41.67933707399996,41.12361257967996,41.67933707399996,31950448
2024-06-05,41.60523986816406,41.69168740841877,41.037165184878106,41.34590101614787,18128396
2024-06-06,43.02542495727539,43.124222685139614,42.642591770390965,42.66729214454401,68229592
2024-06-07,42.69198989868164,42.82783064194293,42.580841990562064,42.80313403805348,27000588
2024-06-11,42.80313491821289,43.03777338810003,42.70433719438034,42.766084358495256,43428272
2024-06-12,43.56879806518555,43.581148251920574,42.803135481336064,42.803135481336064,30368844
2024-06-13,44.19861602783203,44.58144917058098,43.914580601557255,44.18626584217932,64426456
2024-06-14,44.45795440673828,44.45795440673828,43.9145801621832,44.19861558561614,25992432
2024-06-17,44.45795440673828,44.56909853900563,44.16156879777619,44.26036274451439,32511172
2024-06-18,45.19892501831055,45.21127520512523,44.9519363570083,45.07543068765943,26253244
2024-06-19,46.42151641845703,46.65615488425309,45.631153485316126,45.631153485316126,101354688
2024-06-20,46.86609649658203,46.86609649658203,46.384469381196745,46.42151617132341,45286572
2024-06-21,46.582061767578125,46.73025269909747,46.17452822621742,46.21157878565809,40956144
2024-06-24,45.4459114074707,46.06338302985481,45.3347672691911,46.06338302985481,52787124
2024-06-25,45.42121124267578,45.42121124267578,44.6555486886686,44.939584128764416,52138524
2024-06-26,45.77935028076172,45.96459177836057,45.507661243450904,45.68055255412692,35664104
2024-06-27,45.766998291015625,45.766998291015625,45.297717587668714,45.347118333414116,24876244
2024-06-28,46.05103302001953,46.28567148367455,45.606452696450816,45.766997580134145,16587884
2024-07-01,46.08808135986328,46.44621413122593,46.00163382906133,46.07573117421335,29279212
2024-07-02,45.77935028076172,46.12513290211374,45.56940840931719,45.92754121759205,21777344
2024-07-03,46.3350715637207,46.3350715637207,46.038682173096426,46.3350715637207,25915028
2024-07-04,47.54531478881836,47.582361578557325,47.07603786463559,47.07603786463559,50576828
2024-07-05,47.3724250793457,47.63176392246897,47.310677915209105,47.57001675833237,38933332
2024-07-08,48.86670684814453,49.02724796622752,47.38477491969433,47.39712133743319,69409868
2024-07-09,48.81730651855469,49.41008155623914,48.273932227238134,48.7679095409346,61955156
2024-07-10,48.990203857421875,49.002550275836626,48.16279031124236,48.64441746060519,28674444
2024-07-11,50.07695007324219,50.08930025980882,49.39773126830302,49.55827238742588,39186920
2024-07-12,48.49622344970703,48.99020075494979,48.40977591379045,48.953150195807936,56633068
2024-07-15,48.582664489746094,48.92845084525437,48.43447356774043,48.8173029428157,39160740
2024-07-16,48.86815643310547,49.40189397339475,48.65714180294156,48.793680458459065,53022152
2024-07-17,48.18546676635742,48.78126698532719,48.0613414050716,48.75644039786786,57959112
2024-07-18,47.31658935546875,47.39106154202181,46.72078534700631,46.8200879090861,71520052
2024-07-19,46.236698150634766,46.919387653530045,46.22428485661739,46.857324971448655,65815640
2024-07-22,44.85890579223633,46.0256834562414,44.69754433423767,46.0256834562414,84847384
2024-07-23,46.24911117553711,46.24911117553711,45.60365777044424,45.60365777044424,50108316
2024-07-26,44.4368782043457,44.548590269046066,43.96520335871958,44.20104078153264,103626472
2024-07-29,44.834083557128906,45.18163306550752,44.67271830909163,45.13198367688279,39785056
2024-07-30,44.834083557128906,45.00785831131821,44.064504775426286,44.49894355490232,52429524
2024-07-31,44.89614486694336,44.97061705360024,44.33758073898418,44.39964341986853,36314216
2024-08-01,45.678131103515625,45.951208402488746,45.35540441963973,45.926381816034734,56246796
2024-08-02,43.36940002441406,44.412052290765274,43.36940002441406,44.225864250773796,118827260
2024-08-05,39.4098014831543,41.37098064018472,39.322912216650714,41.37098064018472,222308816
2024-08-06,41.58199691772461,42.30192251333675,39.918717798616726,41.53234752975231,252563844
2024-08-07,43.23286056518555,43.3818125096052,41.95437089627055,42.16538551953083,127298960
2024-08-08,42.33916091918945,42.79842247692824,41.954371546809945,42.4632862787954,103364420
2024-08-09,43.65489196777344,43.9155522013736,43.31975197027968,43.443877334091376,93415024
2024-08-12,44.20104217529297,44.63548094238626,44.00244083844923,44.00244083844923,70286956
2024-08-13,44.3127555847168,44.56100631628384,44.18863021893328,44.51135692757154,43433840
2024-08-14,44.87131881713867,45.144396131504635,44.67271747832756,44.77202004173585,74857276
2024-08-15,44.52376937866211,44.933381562789215,44.44929340300114,44.83408278724491,45926588
2024-08-16,45.52918243408203,45.591245116673754,45.26852219760124,45.429883657137495,52823660
2024-08-19,45.591243743896484,45.85190776053407,45.46711838245053,45.554007650664865,37122372
2024-08-20,45.61606979370117,45.97603258005039,45.603656500101806,45.82708442087418,43139504
2024-08-21,45.131980895996094,45.44229429078704,45.04509163025251,45.42988099739434,46736568
2024-08-22,44.89614486694336,45.330583633133834,44.772019505174654,45.20645827136512,20872828
2024-08-23,44.92096710205078,45.02026966302124,44.412052367592636,44.436878954836594,31773940
2024-08-26,44.995445251464844,45.52918281096965,44.88373317947612,45.28093207854778,45593952
2024-08-27,44.79684066772461,44.908552731633094,44.62306592519972,44.784427374400266,21167864
2024-08-28,45.42988204956055,45.42988204956055,44.647893791778465,44.8092552456048,21989684
2024-08-29,44.80925369262695,44.9706151408609,44.474113714903815,44.56100297964841,43063780
2024-08-30,45.02027130126953,45.19404605428462,44.84649276024892,44.92096873668554,32202952
2024-09-02,44.89614486694336,45.293343751799966,44.80925559850309,45.1568050962533,32057896
2024-09-03,44.69754409790039,45.057506893997896,44.610654828357156,44.933381530653556,38411312
2024-09-04,42.512935638427734,43.14597572962291,42.202622239607095,42.45087295866361,119635984
2024-09-05,42.77360153198242,43.35698847461612,42.63706287289606,42.910140191068784,35275304
2024-09-06,43.381813049316406,43.41904914188192,42.661887481010574,42.94737429202711,34331020
2024-09-09,42.7115364074707,42.72394970086074,42.27709765485651,42.30192045363128,60735940
2024-09-10,42.786014556884766,43.0466747913122,42.48811065238684,43.0466747913122,37207812
2024-09-11,42.661888122558594,42.82324957677617,42.57499885459196,42.7860134836507,20056236
2024-09-12,44.26310348510742,44.34998896303125,43.716952666710085,43.716952666710085,62978008
2024-09-13,44.287925720214844,44.52376692816192,44.1513908583574,44.436877663338755,18047504
2024-09-16,44.37481689453125,44.48652896267863,44.26310482638387,44.3375808011506,23507632
2024-09-18,44.15139389038086,44.46170730319488,43.82866718345317,44.312755349841936,36769256
2024-09-19,44.72236633300781,44.73477962678658,43.94037806901564,44.188628792569396,32440304
2024-09-20,45.29334259033203,45.70295854646814,45.29334259033203,45.45470782929668,54531520
2024-09-23,45.491943359375,45.59124212981409,45.31816861710396,45.31816861710396,31601992
2024-09-24,45.92638397216797,45.92638397216797,45.20645838726589,45.4795319110539,39809384
2024-09-25,46.609073638916016,46.671136320192865,46.50977486407523,46.596660345059554,46692004
2024-09-26,46.99386215209961,47.16763689886277,46.85732349821235,47.06833812585678,66903724
2024-09-27,46.894561767578125,47.47795250307963,46.820089578369895,47.217288476834156,45613256
2024-09-30,45.66571807861328,46.4725328990411,45.66571807861328,46.311171450157644,52747800
2024-10-01,45.578834533691406,45.82708525819298,45.51677185256601,45.653306720637524,37640876
2024-10-04,45.578834533691406,46.00086000774299,45.429882583788284,45.67813330828986,35462652
2024-10-07,46.708370208740234,46.72078350201068,46.12498330508172,46.12498330508172,53806008
2024-10-08,46.484947204589844,46.50977379173035,46.05050844566844,46.41047123117367,37917328
2024-10-09,46.91938781738281,47.21728793481271,46.91938781738281,46.91938781738281,45188240
2024-10-11,47.70137405395508,47.862739293815025,46.93179909925692,46.93179909925692,49226984
2024-10-14,47.73861312866211,47.88756128447379,47.40347314907657,47.68896374339155,40439036
2024-10-15,48.756439208984375,48.806092382692285,47.91238828802442,47.91238828802442,59070828
2024-10-16,47.91238784790039,48.48336524824845,47.57724786847721,47.77584919746853,71201552
2024-10-17,47.98686599731445,48.185467335317874,47.6393127088071,48.1606407475654,38164820
2024-10-18,49.178470611572266,49.69979486629233,48.96745597808681,49.47637072684166,129283608
2024-10-21,49.16605758666992,49.63773245609398,49.153644292631284,49.414308315420584,52918584
2024-10-22,48.9798698425293,48.9798698425293,48.49578167607764,48.955043254298744,33857660
2024-10-23,48.657142639160156,48.8805667789337,48.57025336924518,48.83091739098463,37794896
2024-10-24,48.3592414855957,48.830916342997185,48.28476551126773,48.657141594902185,32493848
2024-10-25,48.756439208984375,48.793679089265304,48.40888972106094,48.40888972106094,50566572
2024-10-28,48.6695556640625,49.1908799166536,48.39647834984421,49.12881723505903,45978476
2024-10-29,47.54001235961914,47.974451114863705,47.217285669550684,47.974451114863705,96980096
2024-10-30,47.6144905090332,48.17305464845303,47.5400145328428,47.899977331756695,56626752
2024-11-01,47.29176330566406,47.30417659956585,46.16222174469934,46.21187113230104,78483628
2024-11-04,47.89997482299805,47.96203750190528,47.366237299598005,47.42829997850523,29118288
2024-11-05,48.07374954223633,48.33441355111707,47.515185432351295,47.552425312480146,40432828
2024-11-06,48.45854187011719,49.16605796774254,48.036516385571154,48.1730550450434,66825504
2024-11-07,49.01710510253906,49.16605705337601,48.28476621826923,48.38406499349022,53994208
2024-11-08,49.401893615722656,49.65014433740971,49.32741764161546,49.50119238919532,51800604
2024-11-11,49.426719665527344,49.426719665527344,48.85574225425602,49.36465698578058,49456052
2024-11-12,48.160640716552734,48.61990607363957,48.160640716552734,48.458540829363315,105088348
2024-11-13,47.85032653808594,48.16063993975965,47.7882638577512,48.12340384676096,36778360
2024-11-14,47.415889739990234,47.78826583742472,47.192465596731765,47.73861644870123,48586460
2024-11-15,47.75102996826172,47.87515533465907,47.37865386906968,47.6765539908222,29542324
2024-11-18,47.08074951171875,47.58966426671078,47.06834000560144,47.52760158410213,53578064
2024-11-19,47.726200103759766,47.8999748471867,47.217285378862435,47.341410736739576,30473284
2024-11-20,47.5275993347168,47.5275993347168,47.5275993347168,47.5275993347168,312000
2024-11-21,47.00627517700195,47.20487272187858,46.820087137676104,47.16763662921555,63506468
2024-11-22,47.9248046875,47.962040782188915,47.440716516516275,47.440716516516275,31862348
2024-11-25,47.75102996826172,48.34683021176676,47.726203379780024,48.334416917525914,31306652
2024-11-26,47.130401611328125,47.24211367987008,46.86973759272661,47.19246429251871,45563288
2024-11-27,46.44771194458008,47.031098872787176,46.422885356994485,46.95662289803583,56290744
2024-11-28,46.37323760986328,46.447713587248536,46.038097605632395,46.42288699878493,52436456
2024-11-29,46.484947204589844,46.67113524412758,45.802257726284786,45.913969792406355,32512880
2024-12-02,47.589664459228516,47.589664459228516,46.795262876225266,46.795262876225266,42176312
2024-12-03,48.23511505126953,48.37165370316559,48.09857639937347,48.23511505126953,39812424
2024-12-04,48.52060317993164,48.52060317993164,48.17305368202281,48.3344151371936,25820996
2024-12-05,48.78126525878906,48.80609184536969,48.570250636869545,48.595077223450176,29784812
2024-12-06,48.59507751464844,48.830914936556525,48.40888947819384,48.781265551103026,27238024
2024-12-09,48.657142639160156,48.71920532109786,48.582666663233816,48.69437873312059,18559456
2024-12-10,48.309593200683594,48.768854774838886,48.29717990667821,48.595080022779975,17909228
2024-12-11,47.8875617980957,48.22270178127581,47.81308961339375,47.91238838499991,26858756
2024-12-12,48.446128845214844,48.59508079964971,48.272354090377874,48.38406616220124,20108964
2024-12-13,48.483367919921875,48.55784389589827,48.18546780402177,48.322002673972094,18081708
2024-12-16,48.681968688964844,49.06675428232047,48.595079420010414,48.90539282626846,29374368
2024-12-17,48.93021774291992,49.16605516602069,48.8433284769329,48.93021774291992,37176916
2024-12-18,48.93021774291992,49.11640578031611,48.557841668127544,48.85574177036038,26215508
2024-12-19,48.25993728637695,48.35923984478008,48.04892645228021,48.24752778108118,52180188
2024-12-20,47.81309127807617,48.09857809738751,47.664139327475624,48.09857809738751,44493576
2024-12-23,48.96745681762695,48.97987011181048,48.28476730559413,48.33441669432268,44704264
2024-12-24,49.1039924621582,49.426719151083454,49.02951648963617,49.27776720603939,32783608
2024-12-25,49.2529411315918,49.27776771869252,49.017103706156306,49.27776771869252,23624492
2024-12-26,49.21570587158203,49.277768552378475,49.15364319078559,49.25294196485773,19214244
2024-12-27,49.37706756591797,49.4143074473797,48.979868679697645,49.054344654615655,27949668
2024-12-30,49.1039924621582,49.31500329829775,49.066752581894534,49.190877940096144,34709064
2024-12-31,48.59507751464844,48.880564322010024,48.55784142255963,48.830914936556525,31346136
2025-01-02,48.17305374145508,48.570252626983006,47.9744524046884,48.570252626983006,51190808
2025-01-03,48.657142639160156,48.892980072922335,48.45854129935841,48.657142639160156,28453484
2025-01-06,50.18388366699219,50.22112354937913,49.302596603917564,49.31500611004101,98511172
2025-01-07,50.74244689941406,51.139649576374495,50.70521080570141,50.87898555636956,63775376
2025-01-08,49.98528289794922,50.48178432712972,49.91080692597109,50.30800579651232,47422868
2025-01-09,49.414306640625,49.93563088052888,49.40189334700709,49.69979345381008,33722620
2025-01-10,49.401893615722656,49.53843227025161,49.15364289403561,49.401893615722656,33285296
2025-01-13,48.25993728637695,49.401892085978574,48.18546510258121,49.401892085978574,83504716
2025-01-14,48.55784225463867,48.632314440092415,48.173052881771106,48.33441433426136,43511100
2025-01-15,48.18546676635742,48.65714162404137,48.09857749825518,48.65714162404137,69536468
2025-01-16,49.16605758666992,49.52602038575728,49.004692340178686,49.12881770455402,62348392
2025-01-17,48.73161697387695,48.99228098683763,48.25993833423255,48.90539171984895,60550264
2025-01-20,49.228118896484375,49.315004376321625,48.94262829357667,48.94262829357667,29670284
2025-01-21,49.32741928100586,49.45154464597468,48.830917821130605,48.97986977429539,42450952
2025-01-22,49.972869873046875,50.072168644214244,49.72461915712315,49.72461915712315,51457596
2025-02-03,47.837913513183594,47.912389487604784,47.32899877397842,47.738614739292274,223159112
2025-02-04,48.12340545654297,48.29718020969213,47.924804115227275,48.0737522802099,77136476
2025-02-05,48.855743408203125,49.103994133053746,48.59507938950889,48.59507938950889,60958500
2025-02-06,49.06675338745117,49.25294142781034,48.93021852159209,49.153642654820935,44838828
2025-02-07,49.29018020629883,49.30259349964622,48.93021742725616,49.066752290061615,22434376
2025-02-10,48.73161697387695,49.20329182551599,48.681967587600006,49.20329182551599,65528040
2025-02-11,49.029518127441406,49.277768852137314,48.90539276509345,49.029518127441406,19842444
2025-02-12,48.955039978027344,49.315002755247086,48.9053905928945,49.15364130656401,27301116
2025-02-13,48.7440299987793,49.0046902222979,48.545428666760806,48.97986742329893,56673980
2025-02-14,48.160640716552734,48.446127535495066,48.03651535388121,48.446127535495066,92217264
2025-02-17,48.89297866821289,48.89297866821289,48.34682784045326,48.34682784045326,46591960
2025-02-18,49.06675338745117,49.128816067570895,48.806093161352635,49.128816067570895,32278676
2025-02-19,48.9798698425293,49.128818007896065,48.90539386584315,49.0667553253252,47313232
2025-02-20,48.79368209838867,48.892980875917644,48.43371929483923,48.892980875917644,55359052
2025-02-21,49.141231536865234,49.141231536865234,48.63231677975084,48.78126873383499,33879192
2025-02-24,48.706790924072266,48.75644031089695,48.533016176183175,48.69437763036474,49672024
2025-02-25,48.07374954223633,48.173052101241296,47.81308932136089,48.16063880786501,106710684
2025-02-26,48.334415435791016,48.334415435791016,47.639312647673755,47.887563372858104,73176320
2025-02-27,47.788265228271484,48.396478755393844,47.751029134204906,48.396478755393844,74694820
2025-03-03,46.68354797363281,46.91938539659665,46.373234578152676,46.869736010920896,221959024
2025-03-04,46.37323760986328,46.48494968193839,45.83949626194022,45.92638553355729,114655652
2025-03-05,46.981449127197266,47.043511807682336,46.67113572477192,46.67113572477192,51369564
2025-03-06,46.695960998535156,47.00627439223088,46.50977296231772,47.00627439223088,56890884
2025-03-07,46.26152420043945,46.422885656771506,46.124985543847856,46.37323626928514,68483412
2025-03-10,45.98844528198242,46.26152258563357,45.7650211520899,46.26152258563357,79006576
2025-03-11,45.18163299560547,45.20645958388219,44.46170739164694,44.87131958217412,134191768
2025-03-12,45.38023376464844,45.777432656020615,45.082333649117935,45.206459012922764,51035508
2025-03-13,44.95820617675781,46.13739707759928,44.94579288335842,45.976031839417786,52268912
2025-03-14,44.80925369262695,44.9706151408609,44.57341627289839,44.95820563561618,49198232
2025-03-17,45.19404602050781,45.55400882034266,45.082333949939134,45.3181713851409,43897376
2025-03-18,45.38023376464844,45.640897786239684,45.26852169482518,45.45470974053244,30603120
2025-03-19,44.82167053222656,45.34299479792621,44.709958460148464,45.330585291699634,46763368
2025-03-20,45.78984451293945,45.78984451293945,45.29334307330225,45.29334307330225,30658212
2025-03-21,45.4174690246582,45.67813304146329,45.30575695688614,45.67813304146329,28538176
2025-03-24,45.367820739746094,45.77743292752929,45.25610866926027,45.77743292752929,29239460
2025-03-25,45.83949279785156,46.050507419829174,45.67813134904888,45.83949279785156,31256652
2025-03-26,45.8022575378418,46.025681669165714,45.64089608610845,45.97603228309433,26915048
2025-03-27,44.933380126953125,45.08233207351533,44.79684147393866,45.05750548641985,69966552
2025-03-28,44.48653030395508,44.51135689229432,44.18863018391183,44.47411700978545,78993236
2025-03-31,42.885311126708984,43.25768720016811,42.74877247550624,43.09632575020461,146065632
2025-04-01,43.7666015625,43.82866424089605,43.09632539342364,43.09632539342364,47284600
2025-04-02,43.6921272277832,44.0272672188803,43.6921272277832,43.90314185743773,41725300
2025-04-07,39.322914123535156,39.322914123535156,39.322914123535156,39.322914123535156,92658524
2025-04-08,38.0444221496582,39.0870743971375,37.37414597542189,37.535507425291726,321307308
2025-04-09,36.294254302978516,38.26784675831594,35.99635419824925,37.85823458781386,300494796
2025-04-10,39.91871643066406,39.91871643066406,39.91871643066406,39.91871643066406,22371068
2025-04-11,40.84965896606445,40.84965896606445,38.565752974848415,39.03742785342364,189919436
2025-04-14,40.638641357421875,41.87989493454536,40.588991971938,41.83024554906148,175434800
2025-04-15,41.04825973510742,41.08549582941828,40.53934498082772,40.72553302839306,73965868
2025-04-16,40.303504943847656,40.66346772164257,40.06766373508055,40.66346772164257,98068248
2025-04-17,39.85665512084961,40.04284316676949,39.583577804964925,40.04284316676949,72955972
2025-04-18,39.943538665771484,40.166966582843635,39.86906648141941,40.06766402369869,44335540
2025-04-21,39.37256622314453,39.90630376293654,39.34773963561705,39.90630376293654,62867512
2025-04-22,38.714698791503906,39.19878693496571,38.714698791503906,39.111901456296096,75640860
2025-04-23,40.42763137817383,40.489694058344185,39.79459128283509,39.79459128283509,63235952
2025-04-24,40.19179153442383,40.72553287490283,40.04284336973624,40.68829299272681,53776468
2025-04-25,41.14755630493164,41.44545640745678,41.085493625738685,41.2592683698779,70563724
2025-04-28,41.4951057434082,41.58199500937619,41.408220265445536,41.408220265445536,48371852
2025-04-29,41.656471252441406,41.70612063845755,41.333744561328466,41.49510601288226,43388416
2025-04-30,41.855072021484375,41.95437079218091,41.58199472006096,41.6688839854244,37552524
2025-05-02,43.07149887084961,43.07149887084961,42.57499744294356,42.69912279992007,57160960
2025-05-05,42.686710357666016,43.34457703556058,42.17779562631503,43.34457703556058,127935288
2025-05-06,42.45087432861328,42.723951643590176,42.041262144153414,42.190210307590874,116316784
2025-05-07,42.289512634277344,42.82325017928069,42.190210071203275,42.649475428907884,53137384
2025-05-08,42.84807586669922,42.99702402617234,42.59982514623863,42.71153721284482,39311228
2025-05-09,43.381813049316406,43.43146243540554,42.78601284023609,42.87289831889074,51888384
2025-05-12,43.865901947021484,43.94037792143856,43.56800183735857,43.56800183735857,53767756
2025-05-13,44.39964294433594,44.95820706631274,44.39964294433594,44.89614438609309,79922716
2025-05-14,45.40505599975586,45.40505599975586,45.0202704071521,45.144395769412775,90203212
2025-05-15,45.305755615234375,45.405054386312216,45.18163025738442,45.405054386312216,45677800
2025-05-16,45.42988204956055,45.47953143627593,45.107155353902485,45.24369400837382,37815732
2025-05-19,44.79684066772461,45.34299148194797,44.77201786908122,45.34299148194797,37940744
2025-05-20,44.883731842041016,45.28093072927704,44.80925586693256,45.14439586091789,21364336
2025-05-21,45.578834533691406,45.640897214816796,44.9085545471328,44.9085545471328,54450212
2025-05-22,45.082332611083984,45.19404467833503,44.83408188919036,45.19404467833503,33358772
2025-05-23,44.89614486694336,45.380233020240226,44.73477962384079,45.36781972646227,26094416
2025-05-26,44.846492767333984,45.057507402603484,44.75960728481547,44.846492767333984,55195720
2025-05-27,44.44929122924805,44.846490100006086,44.188627221184944,44.846490100006086,48275072
2025-05-28,44.52376937866211,45.02027083239459,44.263105357851465,44.9085549749004,32309448
2025-05-29,44.62306594848633,45.1071540843459,44.51135388451955,45.05750469902792,36265824
2025-06-02,43.667301177978516,44.201042511556885,43.50593972131846,44.18862921765869,70595756
2025-06-03,43.97761535644531,44.387231334234336,43.94037926210337,44.06450462725055,28229464
2025-06-04,45.00785827636719,45.00785827636719,44.47411693205065,44.51135681449443,45804932
2025-06-05,45.09474182128906,45.342992541556015,45.057505728451176,45.181631088584645,40696376
2025-06-06,45.169219970703125,45.280932042603176,45.057507898803074,45.156806676490774,32768028
2025-06-09,45.60365676879883,45.69054603650093,45.44229531507251,45.529180794769225,52629020
2025-06-10,46.832496643066406,46.894559322841474,45.90155644644034,45.90155644644034,116037804
2025-06-11,46.832496643066406,46.832496643066406,46.832496643066406,46.832496643066406,0
2025-06-12,46.832496643066406,46.832496643066406,46.832496643066406,46.832496643066406,0
2025-06-13,46.832496643066406,46.832496643066406,46.832496643066406,46.832496643066406,0
2025-06-16,46.832496643066406,46.832496643066406,46.832496643066406,46.832496643066406,0
2025-06-17,46.832496643066406,46.832496643066406,46.832496643066406,46.832496643066406,0
2025-06-18,47.23714828491211,47.38610023711647,46.81015672913214,47.167638384018204,244697327
2025-06-19,46.77043533325195,47.217287398322355,46.69099707057581,47.16763801064908,166284920
2025-06-20,46.700923919677734,46.830015353849724,46.36330279123161,46.77043381776911,80561608
2025-06-23,46.313655853271484,46.333516366348164,45.956174193902285,46.214357075893616,101938627
2025-06-24,47.15770721435547,47.15770721435547,46.96903424772739,46.96903424772739,54574616
2025-06-25,47.84288024902344,47.84288024902344,47.55490849755395,47.5648406478835,77814637
2025-06-26,47.902462005615234,48.11099170742193,47.83294831700752,47.96203975584259,77281242
2025-06-27,47.952110290527344,48.03154855167182,47.66413854436716,47.98189916495585,94190611
2025-06-30,48.02162170410156,48.08119945483761,47.90246241462395,48.03155006655573,59086358
2025-07-01,48.299659729003906,48.806093321727985,48.04148064557985,48.04148064557985,74674904
2025-07-02,48.309593200683594,48.40889197671569,48.04148195979035,48.230151149453526,75071035
2025-07-03,48.97490310668945,49.25294270869486,48.915321568543085,49.0046919817599,61179330
2025-07-04,48.518123626708984,49.14371653145606,48.488334751056215,49.05434611649219,73712387
2025-07-07,48.23014831542969,48.478399028928095,48.10105688376904,48.478399028928095,78503277
2025-07-08,48.011688232421875,48.17056854335502,47.87266843385605,48.11099079425847,50214875
2025-07-09,48.5081901550293,48.647213742968866,47.932250442730016,48.011688704975754,38540142
2025-07-10,49.064273834228516,49.12385537275658,48.64721442854858,48.65714279096717,53089295
2025-07-11,49.272804260253906,49.28273641082378,48.9351831129839,49.014625165520634,44752569
2025-07-14,48.984832763671875,49.243011839820255,48.86566969344467,49.243011839820255,62300823
2025-07-15,49.650146484375,49.74944526214153,48.984836339727046,49.0046930648759,68008041
2025-07-16,50.04734802246094,50.34524813692686,49.79909729573843,49.79909729573843,90231230
2025-07-17,50.34524917602539,50.44454795356168,49.948046489869135,50.24594661048355,88235423
2025-07-18,51.09000015258789,51.23894831533851,50.941048201831805,51.04035076500435,105861549
2025-07-21,50.900001525878906,51.099998474121094,50.75,51.099998474121094,75792981
2025-07-22,50.54999923706055,51.29999923706055,50.45000076293945,50.900001525878906,88841474
2025-07-23,50.70000076293945,50.849998474121094,50.54999923706055,50.599998474121094,63766890
2025-07-24,51.0,51.099998474121094,50.79999923706055,51.0,79659820
2025-07-25,50.900001525878906,51.099998474121094,50.79999923706055,51.0,38620389
2025-07-28,51.04999923706055,51.400001525878906,50.900001525878906,51.20000076293945,52312766
2025-07-29,50.45000076293945,51.04999923706055,50.25,51.04999923706055,102624231
2025-07-30,51.0,51.099998474121094,50.650001525878906,50.79999923706055,82807206
2025-07-31,51.54999923706055,51.599998474121094,51.099998474121094,51.099998474121094,81565859
